datum,wahl,ags,gebiet-nr,gebiet-name,max-schnellmeldungen,anz-schnellmeldungen,A1,A2,A3,A,B,B1,C,D,E,F,D1,F1,D2,F2,D3,F3,D4,F4,D5,F5,D6,F6,D7,F7,D8,F8,D9,F9,D10,F10,D11,F11,D12,F12,D13,F13,D14,F14,D15,F15,D16,F16,ort_fix,coord,x,y,stadt
23.02.2025,Bundestagswahl,3358024,127,127 Düshorn,1,1,1252,406,0,1658,1080,1,8,1072,5,1075,468,283,281,279,52,92,19,33,216,236,,86,,4,,5,,1,17,12,,1,19,8,,2,,0,,4,,29,"Walsrode,127 Düshorn",#ERROR!,#ERROR!,,Walsrode
23.02.2025,Bundestagswahl,3358024,118,118 Gymnasium,1,1,1376,348,0,1724,920,4,8,912,5,915,435,258,184,197,74,105,15,39,173,166,,81,,10,,0,,3,13,5,,4,18,9,,1,,0,,0,,37,"Walsrode,118 Gymnasium",#ERROR!,#ERROR!,,Walsrode
23.02.2025,Bundestagswahl,3358024,117,"117 Alte Schule Vorbrück, Wahlraum 2",1,1,1207,286,0,1493,852,3,6,846,2,850,357,208,166,203,41,62,19,22,223,217,,80,,7,,1,,3,20,6,,2,20,8,,0,,0,,0,,31,"Walsrode,117 Alte Schule Vorbrück, Wahlraum 2",#ERROR!,#ERROR!,,Walsrode
23.02.2025,Bundestagswahl,3358024,114,114 Grundschule am Markt,1,1,842,236,0,1078,614,2,3,611,2,612,279,164,132,130,29,38,17,31,126,132,,73,,8,,0,,1,12,4,,0,16,5,,1,,0,,2,,23,"Walsrode,114 Grundschule am Markt",#ERROR!,#ERROR!,,Walsrode
23.02.2025,Bundestagswahl,3358024,115,"115 Kulturzentrum ""mittendrin""",1,1,875,345,0,1220,709,0,3,706,1,708,355,194,153,174,21,58,11,25,147,141,,72,,4,,1,,0,10,5,,1,9,4,,0,,0,,0,,29,"Walsrode,115 Kulturzentrum ""mittendrin""",#ERROR!,#ERROR!,,Walsrode
23.02.2025,Bundestagswahl,3358024,101,"101 Hans-Brüggemann-Schule, Wahlraum 1",1,1,979,273,0,1252,720,5,7,713,4,716,323,189,145,147,36,50,16,18,170,171,,71,,10,,2,,5,11,9,,2,12,6,,0,,0,,0,,36,"Walsrode,101 Hans-Brüggemann-Schule, Wahlraum 1",#ERROR!,#ERROR!,,Walsrode
23.02.2025,Bundestagswahl,3358024,131,131 Bomlitz Ost,1,1,1041,319,0,1360,866,0,4,862,2,864,366,246,227,221,29,66,21,33,186,176,,67,,12,,3,,4,19,2,,0,14,5,,2,,0,,5,,22,"Walsrode,131 Bomlitz Ost",#ERROR!,#ERROR!,,Walsrode
23.02.2025,Bundestagswahl,3358024,103,103 Grundschule Süd,1,1,1167,303,0,1470,855,0,6,849,7,848,404,260,163,189,25,34,16,24,204,203,,65,,8,,1,,5,21,12,,3,16,9,,0,,0,,0,,35,"Walsrode,103 Grundschule Süd",#ERROR!,#ERROR!,,Walsrode
23.02.2025,Bundestagswahl,3358024,102,"102 Hans-Brüggemann-Schule, Wahlraum 2",1,1,1045,336,0,1381,824,5,4,820,2,822,416,252,180,199,28,80,11,24,159,163,,58,,7,,1,,4,7,5,,2,19,11,,0,,0,,0,,16,"Walsrode,102 Hans-Brüggemann-Schule, Wahlraum 2",#ERROR!,#ERROR!,,Walsrode
23.02.2025,Bundestagswahl,3358024,132,132 Bomlitz West,1,1,798,171,0,969,606,1,4,602,2,604,286,200,81,93,32,31,13,19,157,158,,55,,8,,0,,0,16,7,,4,17,6,,2,,0,,0,,21,"Walsrode,132 Bomlitz West",#ERROR!,#ERROR!,,Walsrode
23.02.2025,Bundestagswahl,3358024,139,139 Stadt Walsrode Briefwahl I,1,1,,,,,853,853,6,847,3,850,462,278,197,226,49,99,18,18,85,94,,54,,17,,6,,4,18,6,,0,18,10,,0,,1,,1,,36,"Walsrode,139 Stadt Walsrode Briefwahl I",#ERROR!,#ERROR!,,Walsrode
23.02.2025,Bundestagswahl,3358024,141,141 Stadt Walsrode Briefwahl III,1,1,,,,,781,781,4,777,3,778,365,223,210,213,45,92,12,31,96,103,,54,,13,,0,,2,21,11,,3,28,10,,2,,0,,0,,21,"Walsrode,141 Stadt Walsrode Briefwahl III",#ERROR!,#ERROR!,,Walsrode
23.02.2025,Bundestagswahl,3358024,144,144 Stadt Walsrode Briefwahl VI,1,1,,,,,753,753,9,744,1,752,369,237,184,177,42,77,17,24,94,97,,54,,18,,2,,8,14,6,,2,24,12,,1,,0,,1,,36,"Walsrode,144 Stadt Walsrode Briefwahl VI",#ERROR!,#ERROR!,,Walsrode
23.02.2025,Bundestagswahl,3358024,116,"116 Alte Schule Vorbrück, Wahlraum 1",1,1,802,192,0,994,585,0,7,578,5,580,243,175,115,109,17,26,18,15,152,155,,51,,6,,0,,2,17,1,,1,16,10,,1,,0,,1,,27,"Walsrode,116 Alte Schule Vorbrück, Wahlraum 1",#ERROR!,#ERROR!,,Walsrode
23.02.2025,Bundestagswahl,3358024,133,133 Benefeld Ost,1,1,761,192,0,953,562,2,6,556,4,558,251,162,98,104,30,33,15,17,148,144,,51,,7,,4,,2,9,3,,0,5,3,,0,,0,,0,,28,"Walsrode,133 Benefeld Ost",#ERROR!,#ERROR!,,Walsrode
23.02.2025,Bundestagswahl,3358024,134,134 Benefeld West,1,1,688,139,0,827,552,2,9,543,5,547,249,149,104,113,23,31,11,19,135,134,,47,,9,,0,,3,16,10,,0,5,2,,0,,0,,0,,30,"Walsrode,134 Benefeld West",#ERROR!,#ERROR!,,Walsrode
23.02.2025,Bundestagswahl,3358024,143,143 Stadt Walsrode Briefwahl V,1,1,,,,,867,867,1,866,4,863,394,253,248,255,40,78,12,25,127,142,,38,,11,,2,,4,24,14,,0,21,12,,0,,0,,1,,28,"Walsrode,143 Stadt Walsrode Briefwahl V",#ERROR!,#ERROR!,,Walsrode
23.02.2025,Bundestagswahl,3358024,142,142 Stadt Walsrode Briefwahl IV,1,1,,,,,724,724,5,719,2,722,343,201,201,222,47,87,14,27,83,82,,37,,11,,2,,6,15,5,,2,16,7,,0,,0,,1,,32,"Walsrode,142 Stadt Walsrode Briefwahl IV",#ERROR!,#ERROR!,,Walsrode
23.02.2025,Bundestagswahl,3358024,140,140 Stadt Walsrode Briefwahl II,1,1,,,,,627,627,2,625,1,626,317,177,172,192,35,86,11,29,68,66,,35,,10,,2,,0,14,10,,1,8,1,,0,,0,,0,,17,"Walsrode,140 Stadt Walsrode Briefwahl II",#ERROR!,#ERROR!,,Walsrode
23.02.2025,Bundestagswahl,3358024,129,129 Krelingen,1,1,447,119,0,566,388,0,5,383,6,382,168,104,108,111,22,32,7,15,64,62,,32,,1,,2,,1,8,1,,1,6,3,,1,,0,,0,,16,"Walsrode,129 Krelingen",#ERROR!,#ERROR!,,Walsrode
23.02.2025,Bundestagswahl,3358024,125,125 Honerdingen,1,1,509,155,0,664,427,2,4,423,3,424,189,120,92,93,12,27,12,14,103,105,,26,,5,,0,,4,7,3,,0,8,9,,1,,0,,0,,17,"Walsrode,125 Honerdingen",#ERROR!,#ERROR!,,Walsrode
23.02.2025,Bundestagswahl,3358024,109,109 Altenboitzen,1,1,248,39,0,287,224,0,0,224,0,224,115,60,59,66,13,34,6,7,21,24,,21,,3,,0,,2,4,1,,1,6,2,,0,,0,,0,,3,"Walsrode,109 Altenboitzen",#ERROR!,#ERROR!,,Walsrode
23.02.2025,Bundestagswahl,3358024,110,110 Kirchboitzen,1,1,381,107,0,488,342,1,2,340,1,341,178,103,94,104,7,38,6,8,44,49,,18,,1,,0,,1,3,2,,0,8,5,,0,,0,,1,,11,"Walsrode,110 Kirchboitzen",#ERROR!,#ERROR!,,Walsrode
23.02.2025,Bundestagswahl,3358024,135,135 Borg-Cordingen,1,1,350,112,0,462,288,0,2,286,0,288,109,69,75,78,18,31,4,8,71,73,,17,,3,,1,,1,7,0,,0,2,3,,0,,0,,0,,4,"Walsrode,135 Borg-Cordingen",#ERROR!,#ERROR!,,Walsrode
23.02.2025,Bundestagswahl,3358024,106,106 Nordkampen,1,1,291,50,0,341,249,2,0,249,2,247,118,72,72,74,5,18,9,12,39,44,,16,,0,,0,,0,4,3,,1,2,3,,0,,0,,0,,4,"Walsrode,106 Nordkampen",#ERROR!,#ERROR!,,Walsrode
23.02.2025,Bundestagswahl,3358024,124,124 Hünzingen,1,1,289,81,0,370,247,2,1,246,2,245,119,72,61,60,9,28,12,16,37,40,,14,,4,,0,,0,5,0,,0,3,1,,1,,0,,0,,9,"Walsrode,124 Hünzingen",#ERROR!,#ERROR!,,Walsrode
23.02.2025,Bundestagswahl,3358024,136,136 Uetzingen,1,1,257,63,0,320,227,0,1,226,2,225,88,50,61,64,10,16,4,3,54,58,,14,,3,,0,,0,5,3,,0,4,4,,0,,0,,0,,10,"Walsrode,136 Uetzingen",#ERROR!,#ERROR!,,Walsrode
23.02.2025,Bundestagswahl,3358024,113,113 Schneeheide,1,1,263,46,0,309,223,0,0,223,3,220,92,50,65,73,5,10,5,14,45,50,,13,,1,,0,,0,5,2,,1,6,0,,0,,0,,0,,6,"Walsrode,113 Schneeheide",#ERROR!,#ERROR!,,Walsrode
23.02.2025,Bundestagswahl,3358024,123,123 Ebbingen,1,1,112,19,0,131,101,0,0,101,0,101,52,29,20,19,7,6,1,9,15,15,,12,,8,,1,,1,4,0,,0,2,0,,0,,0,,0,,1,"Walsrode,123 Ebbingen",#ERROR!,#ERROR!,,Walsrode
23.02.2025,Bundestagswahl,3358024,138,138 Bommelsen-Kroge,1,1,334,77,0,411,277,1,0,277,0,277,113,75,78,77,9,15,1,8,69,77,,12,,3,,0,,1,5,3,,1,2,1,,0,,0,,0,,4,"Walsrode,138 Bommelsen-Kroge",#ERROR!,#ERROR!,,Walsrode
23.02.2025,Bundestagswahl,3358024,122,122 Stellichte,1,1,393,57,0,450,285,0,6,279,3,282,99,58,102,98,14,31,5,12,52,49,,11,,2,,1,,0,5,1,,0,2,2,,0,,0,,3,,14,"Walsrode,122 Stellichte",#ERROR!,#ERROR!,,Walsrode
23.02.2025,Bundestagswahl,3358024,137,137 Ahrsen-Jarlingen,1,1,201,48,0,249,170,0,0,170,1,169,74,42,49,59,10,15,2,5,30,34,,11,,0,,1,,0,1,0,,0,4,0,,0,,0,,0,,2,"Walsrode,137 Ahrsen-Jarlingen",#ERROR!,#ERROR!,,Walsrode
23.02.2025,Bundestagswahl,3358024,126,126 Benzen,1,1,161,37,0,198,149,0,0,149,1,148,86,48,29,42,9,16,6,9,14,11,,10,,3,,0,,1,3,2,,1,2,2,,0,,0,,0,,3,"Walsrode,126 Benzen",#ERROR!,#ERROR!,,Walsrode
23.02.2025,Bundestagswahl,3358024,108,108 Hollige,1,1,142,25,0,167,125,0,1,124,0,125,59,19,39,44,4,24,2,2,16,22,,9,,1,,0,,0,1,1,,0,3,1,,0,,0,,0,,2,"Walsrode,108 Hollige",#ERROR!,#ERROR!,,Walsrode
23.02.2025,Bundestagswahl,3358024,107,107 Südkampen,1,1,256,32,0,288,228,0,1,227,0,228,112,71,60,56,11,31,1,11,36,38,,8,,0,,0,,2,6,5,,0,1,2,,0,,0,,1,,3,"Walsrode,107 Südkampen",#ERROR!,#ERROR!,,Walsrode
23.02.2025,Bundestagswahl,3358024,119,119 Fulde,1,1,166,36,0,202,145,1,3,142,2,143,78,41,45,57,2,8,4,4,10,11,,7,,1,,0,,1,3,2,,0,0,2,,0,,0,,1,,8,"Walsrode,119 Fulde",#ERROR!,#ERROR!,,Walsrode
23.02.2025,Bundestagswahl,3358024,112,112 Groß Eilstorf,1,1,194,47,0,241,166,0,1,165,1,165,90,59,33,42,1,10,1,4,36,35,,6,,1,,0,,1,2,2,,0,2,3,,0,,0,,1,,1,"Walsrode,112 Groß Eilstorf",#ERROR!,#ERROR!,,Walsrode
23.02.2025,Bundestagswahl,3358024,105,105 Vethem,1,1,167,44,0,211,144,0,2,142,0,144,69,43,51,64,4,12,3,2,13,15,,5,,0,,1,,2,2,0,,0,0,0,,0,,0,,0,,0,"Walsrode,105 Vethem",#ERROR!,#ERROR!,,Walsrode
23.02.2025,Bundestagswahl,3358024,128,128 Bockhorn,1,1,149,38,0,187,135,1,1,134,1,134,61,39,45,46,1,9,1,2,26,27,,5,,0,,0,,0,0,0,,0,0,0,,0,,0,,0,,6,"Walsrode,128 Bockhorn",#ERROR!,#ERROR!,,Walsrode
23.02.2025,Bundestagswahl,3358024,130,130 Westenholz,1,1,140,41,0,181,122,0,1,121,1,121,39,26,50,50,4,5,2,5,24,25,,5,,0,,0,,0,0,0,,0,2,0,,0,,0,,0,,5,"Walsrode,130 Westenholz",#ERROR!,#ERROR!,,Walsrode
23.02.2025,Bundestagswahl,3358024,104,104 Hamwiede,1,1,129,34,0,163,124,0,1,123,0,124,30,22,48,47,3,6,5,7,35,34,,2,,0,,0,,2,1,0,,0,1,1,,0,,0,,0,,3,"Walsrode,104 Hamwiede",#ERROR!,#ERROR!,,Walsrode
23.02.2025,Bundestagswahl,3358024,121,121 Sieverdingen,1,1,72,13,0,85,65,0,0,65,0,65,33,17,18,21,4,10,0,0,9,9,,2,,1,,0,,2,1,1,,0,0,0,,0,,0,,0,,2,"Walsrode,121 Sieverdingen",#ERROR!,#ERROR!,,Walsrode
23.02.2025,Bundestagswahl,3358024,111,111 Klein Eilstorf,1,1,109,9,0,118,98,0,1,97,1,97,37,31,30,30,12,15,2,1,12,14,,1,,2,,0,,1,3,0,,0,1,0,,0,,0,,0,,2,"Walsrode,111 Klein Eilstorf",#ERROR!,#ERROR!,,Walsrode
23.02.2025,Bundestagswahl,3358024,120,120 Idsingen,1,1,86,15,0,101,80,0,0,80,1,79,24,12,32,35,2,4,3,6,19,19,,1,,0,,0,,0,0,0,,1,0,0,,0,,0,,0,,1,"Walsrode,120 Idsingen",#ERROR!,#ERROR!,,Walsrode
23.02.2025,Bundestagswahl,3358008,1,"Bad Fall., Grundschule I",1,1,1020,396,0,1416,680,1,7,673,2,678,259,166,152,140,25,38,19,30,196,193,,55,,3,,0,,5,6,4,,0,16,8,,0,,1,,1,,34,"Bad Fallingbostel,Bad Fall., Grundschule I",#ERROR!,,,Bad Fallingbostel
23.02.2025,Bundestagswahl,3358008,2,"Bad Fall., Grundschule II",1,1,1251,350,0,1601,813,4,11,802,6,807,321,180,132,148,25,45,13,13,275,272,,84,,14,,0,,3,22,6,,2,14,4,,1,,0,,1,,34,"Bad Fallingbostel,Bad Fall., Grundschule II",#ERROR!,,,Bad Fallingbostel
23.02.2025,Bundestagswahl,3358008,3,"Bad Fall., Grundschule III",1,1,980,351,0,1331,744,2,9,735,8,736,338,201,166,183,33,51,23,36,153,167,,49,,10,,1,,3,14,3,,1,8,8,,0,,0,,1,,22,"Bad Fallingbostel,Bad Fall., Grundschule III",#ERROR!,,,Bad Fallingbostel
23.02.2025,Bundestagswahl,3358008,4,"Bad Fall., Grundschule IV",1,1,1066,478,0,1544,842,1,9,833,9,833,434,270,169,182,36,96,15,24,154,152,,57,,10,,0,,3,13,5,,1,12,5,,0,,0,,1,,27,"Bad Fallingbostel,Bad Fall., Grundschule IV",#ERROR!,,,Bad Fallingbostel
23.02.2025,Bundestagswahl,3358008,5,Schützenhaus Vierde,1,1,140,37,0,177,122,0,0,122,0,122,49,28,39,44,4,4,0,4,28,29,,7,,1,,0,,0,1,2,,0,1,1,,0,,0,,0,,2,"Bad Fallingbostel,Schützenhaus Vierde",#ERROR!,,,Bad Fallingbostel
23.02.2025,Bundestagswahl,3358008,6,"Dorfmark, Grundschule VI",1,1,855,240,0,1095,722,1,8,714,3,719,359,223,180,193,22,56,15,23,113,114,,44,,9,,3,,4,18,10,,0,7,6,,0,,0,,3,,31,"Bad Fallingbostel,Dorfmark, Grundschule VI",#ERROR!,,,Bad Fallingbostel
23.02.2025,Bundestagswahl,3358008,7,"Dorfmark, Grundschule VII",1,1,1036,414,0,1450,846,3,4,842,2,844,396,242,212,224,33,74,17,25,163,170,,57,,6,,3,,1,11,8,,1,10,8,,0,,0,,1,,24,"Bad Fallingbostel,Dorfmark, Grundschule VII",#ERROR!,,,Bad Fallingbostel
23.02.2025,Bundestagswahl,3358008,8,Schützenhaus Mengebostel,1,1,131,50,0,181,116,3,1,115,0,116,33,28,35,29,7,8,3,4,32,31,,4,,0,,1,,0,3,3,,0,2,1,,0,,0,,0,,7,"Bad Fallingbostel,Schützenhaus Mengebostel",#ERROR!,,,Bad Fallingbostel
23.02.2025,Bundestagswahl,3358008,9,Schießstand Jettebruch,1,1,73,13,0,86,63,0,0,63,1,62,22,9,28,31,0,4,0,1,11,10,,4,,0,,0,,0,2,2,,0,0,1,,0,,0,,0,,0,"Bad Fallingbostel,Schießstand Jettebruch",#ERROR!,,,Bad Fallingbostel
23.02.2025,Bundestagswahl,3358008,10,Riepe,1,1,43,21,0,64,43,0,0,43,0,43,12,7,22,19,2,5,1,3,5,8,,1,,0,,0,,0,1,0,,0,0,0,,0,,0,,0,,0,"Bad Fallingbostel,Riepe",#ERROR!,,,Bad Fallingbostel
23.02.2025,Bundestagswahl,3358008,11,Briefwahl Bad Fallingbostel I,1,1,,,,,688,688,3,685,4,684,308,199,165,157,43,71,25,38,119,115,,44,,11,,3,,2,10,9,,1,15,4,,2,,0,,2,,26,"Bad Fallingbostel,Briefwahl Bad Fallingbostel I",#ERROR!,,,Bad Fallingbostel
23.02.2025,Bundestagswahl,3358008,12,Briefwahl Bad Fallingbostel II,1,1,,,,,788,788,6,782,3,785,418,260,191,229,40,80,23,31,85,86,,41,,12,,4,,3,11,5,,2,14,9,,0,,0,,0,,23,"Bad Fallingbostel,Briefwahl Bad Fallingbostel II",#ERROR!,,,Bad Fallingbostel
23.02.2025,Bundestagswahl,3358008,13,Briefwahl Bad Fallingbostel III,1,1,,,,,737,737,7,730,5,732,364,225,167,191,37,90,20,28,105,104,,31,,10,,0,,0,17,7,,3,20,10,,0,,0,,0,,33,"Bad Fallingbostel,Briefwahl Bad Fallingbostel III",#ERROR!,,,Bad Fallingbostel
23.02.2025,Bundestagswahl,33585402,1,01 - Rethem -Stadt-,1,1,1006,271,0,1277,780,0,2,778,4,776,349,207,200,231,35,44,19,26,148,141,,73,,9,,1,,6,12,7,,0,15,5,,0,,0,,0,,26,"Rethem,01 - Rethem -Stadt-",#ERROR!,,,Rethem
23.02.2025,Bundestagswahl,33585402,2,"02 - Rethem -Stöcken, Wohlendorf, Moor-",1,1,346,106,0,452,292,0,2,290,1,291,127,64,87,104,17,29,4,8,34,40,,20,,7,,0,,0,11,6,,1,10,6,,1,,0,,0,,5,"Rethem,02 - Rethem -Stöcken, Wohlendorf, Moor-",#ERROR!,,,Rethem
23.02.2025,Bundestagswahl,33585402,3,03 - Frankenfeld,1,1,351,67,0,418,296,0,1,295,1,295,132,81,69,69,18,22,6,15,62,63,,23,,3,,2,,1,5,7,,2,3,0,,1,,0,,0,,6,"Rethem,03 - Frankenfeld",#ERROR!,,,Rethem
23.02.2025,Bundestagswahl,33585402,4,04 - Häuslingen,1,1,473,142,0,615,381,1,3,378,2,379,155,94,98,100,18,31,9,16,83,84,,36,,1,,0,,1,11,5,,1,4,3,,0,,0,,1,,6,"Rethem,04 - Häuslingen",#ERROR!,,,Rethem
23.02.2025,Bundestagswahl,33585402,5,05 - Böhme,1,1,640,178,0,818,515,0,8,507,7,508,205,118,131,129,20,42,12,25,122,123,,34,,9,,2,,2,10,9,,1,7,1,,0,,0,,1,,12,"Rethem,05 - Böhme",#ERROR!,,,Rethem
23.02.2025,Bundestagswahl,33585402,6,Heidekreis: Briefwahl SG Rethem (Aller),1,1,,,,,721,721,2,719,3,718,318,212,189,208,42,72,21,23,110,102,,22,,13,,2,,3,29,21,,1,10,4,,0,,0,,0,,35,"Rethem,Heidekreis: Briefwahl SG Rethem (Aller)",#ERROR!,,,Rethem
23.02.2025,Bundestagswahl,33585403,1,01 - Buchholz (Aller),1,1,932,236,0,1168,780,3,10,770,7,773,297,180,202,198,35,56,13,25,203,217,,48,,5,,0,,1,14,11,,2,6,5,,1,,0,,0,,24,"Schwarmstedt,01 - Buchholz (Aller)",#ERROR!,,,Schwarmstedt
23.02.2025,Bundestagswahl,33585403,2,02 - Marklendorf,1,1,461,120,0,581,371,0,2,369,1,370,122,73,91,99,16,23,9,15,117,115,,20,,3,,1,,1,9,7,,1,5,1,,2,,0,,0,,9,"Schwarmstedt,02 - Marklendorf",#ERROR!,,,Schwarmstedt
23.02.2025,Bundestagswahl,33585403,3,03 - Essel,1,1,714,251,0,965,581,7,4,577,4,577,208,114,163,150,21,48,15,41,145,144,,38,,10,,0,,4,16,7,,0,9,2,,1,,0,,0,,18,"Schwarmstedt,03 - Essel",#ERROR!,,,Schwarmstedt
23.02.2025,Bundestagswahl,33585403,4,04 - Gilten,1,1,236,80,0,316,205,1,0,205,1,204,79,54,54,40,10,16,9,12,49,49,,16,,6,,1,,0,3,1,,1,1,0,,0,,0,,0,,8,"Schwarmstedt,04 - Gilten",#ERROR!,,,Schwarmstedt
23.02.2025,Bundestagswahl,33585403,5,05 - Nienhagen,1,1,136,48,0,184,118,1,3,115,0,118,46,27,40,40,3,9,7,4,16,17,,6,,2,,0,,0,2,4,,0,1,1,,0,,0,,0,,8,"Schwarmstedt,05 - Nienhagen",#ERROR!,,,Schwarmstedt
23.02.2025,Bundestagswahl,33585403,6,06 - Norddrebber,1,1,157,60,0,217,142,0,0,142,0,142,49,28,59,62,8,14,6,8,18,20,,3,,4,,0,,0,2,1,,0,0,0,,0,,0,,0,,2,"Schwarmstedt,06 - Norddrebber",#ERROR!,,,Schwarmstedt
23.02.2025,Bundestagswahl,33585403,7,07 - Suderbruch,1,1,178,40,0,218,165,0,2,163,2,163,65,38,44,40,12,22,2,5,31,32,,12,,3,,0,,0,5,4,,0,4,1,,0,,0,,0,,6,"Schwarmstedt,07 - Suderbruch",#ERROR!,,,Schwarmstedt
23.02.2025,Bundestagswahl,33585403,8,08 - Lindwedel West,1,1,569,204,0,773,508,1,6,502,3,505,172,109,108,107,35,54,13,17,154,161,,30,,9,,1,,1,13,3,,0,7,1,,0,,0,,1,,11,"Schwarmstedt,08 - Lindwedel West",#ERROR!,,,Schwarmstedt
23.02.2025,Bundestagswahl,33585403,9,09 - Lindwedel Ost,1,1,793,216,0,1009,696,4,4,692,3,693,258,150,156,162,36,56,27,34,190,192,,44,,9,,1,,4,20,5,,1,5,1,,0,,0,,2,,32,"Schwarmstedt,09 - Lindwedel Ost",#ERROR!,,,Schwarmstedt
23.02.2025,Bundestagswahl,33585403,10,10 - Hope,1,1,307,107,0,414,258,0,4,254,1,257,92,67,55,47,20,22,3,4,73,75,,20,,5,,0,,2,5,1,,0,6,0,,0,,0,,2,,12,"Schwarmstedt,10 - Hope",#ERROR!,,,Schwarmstedt
23.02.2025,Bundestagswahl,33585403,11,11 - Schwarmstedt Nord,1,1,1157,280,0,1437,918,7,20,898,9,909,336,196,193,196,39,58,23,31,288,287,,72,,11,,3,,3,15,8,,1,4,2,,0,,0,,0,,41,"Schwarmstedt,11 - Schwarmstedt Nord",#ERROR!,,,Schwarmstedt
23.02.2025,Bundestagswahl,33585403,12,12 - Schwarmstedt Süd,1,1,1529,457,0,1986,1225,2,15,1210,11,1214,517,307,285,296,81,116,27,56,273,270,,103,,14,,2,,3,16,0,,2,11,7,,0,,0,,2,,36,"Schwarmstedt,12 - Schwarmstedt Süd",#ERROR!,,,Schwarmstedt
23.02.2025,Bundestagswahl,33585403,13,13 - Bothmer,1,1,597,168,0,765,505,0,4,501,5,500,231,142,112,128,31,56,13,30,101,96,,23,,2,,1,,2,12,3,,0,1,0,,0,,0,,0,,17,"Schwarmstedt,13 - Bothmer",#ERROR!,,,Schwarmstedt
23.02.2025,Bundestagswahl,33585403,14,14 - Grindau,1,1,182,57,0,239,154,0,4,150,2,152,56,39,45,37,5,9,7,13,35,39,,5,,1,,0,,0,1,0,,0,1,1,,0,,0,,1,,7,"Schwarmstedt,14 - Grindau",#ERROR!,,,Schwarmstedt
23.02.2025,Bundestagswahl,33585403,20,Briefwahl SG Schwarmstedt I,1,1,,,,,736,736,6,730,1,735,303,190,226,235,41,78,12,20,115,122,,37,,11,,2,,3,27,8,,0,6,5,,2,,0,,1,,21,"Schwarmstedt,Briefwahl SG Schwarmstedt I",#ERROR!,,,Schwarmstedt
23.02.2025,Bundestagswahl,33585403,21,Briefwahl SG Schwarmstedt II,1,1,,,,,793,793,1,792,2,791,328,216,216,212,47,80,22,34,145,139,,42,,15,,2,,6,28,9,,0,6,5,,1,,0,,2,,28,"Schwarmstedt,Briefwahl SG Schwarmstedt II",#ERROR!,,,Schwarmstedt
23.02.2025,Bundestagswahl,33585403,22,Briefwahl SG Schwarmstedt III,1,1,,,,,640,640,1,639,0,640,325,211,174,174,44,71,14,21,63,69,,53,,9,,2,,1,10,4,,0,9,4,,0,,0,,0,,21,"Schwarmstedt,Briefwahl SG Schwarmstedt III",#ERROR!,,,Schwarmstedt
23.02.2025,Bundestagswahl,33585401,1,Flecken Ahlden (Aller),1,1,737,206,0,943,603,0,0,603,0,603,268,152,145,150,27,49,11,27,135,142,,39,,5,,0,,5,9,8,,0,8,7,,0,,0,,0,,19,"Ahlden,Flecken Ahlden (Aller)",#ERROR!,,,Ahlden
23.02.2025,Bundestagswahl,33585401,2,Ahlden OT Eilte,1,1,263,48,0,311,240,0,3,237,2,238,91,56,63,64,20,28,4,6,45,46,,21,,4,,1,,0,6,7,,0,8,0,,0,,0,,0,,5,"Ahlden,Ahlden OT Eilte",#ERROR!,,,Ahlden
23.02.2025,Bundestagswahl,33585401,3,Eickeloh,1,1,490,137,0,627,423,1,3,420,3,420,183,121,117,118,13,24,10,15,85,96,,20,,6,,2,,2,9,3,,0,3,1,,0,,0,,1,,11,"Ahlden,Eickeloh",#ERROR!,,,Ahlden
23.02.2025,Bundestagswahl,33585401,4,Grethem,1,1,401,109,0,510,342,0,3,339,3,339,158,94,94,101,11,20,7,17,53,56,,32,,3,,0,,2,13,5,,1,3,0,,0,,0,,0,,8,"Ahlden,Grethem",#ERROR!,,,Ahlden
23.02.2025,Bundestagswahl,33585401,5,Hademstorf,1,1,543,129,0,672,447,0,2,445,0,447,180,130,105,97,17,19,7,13,120,129,,30,,8,,2,,0,7,3,,0,9,2,,0,,0,,0,,14,"Ahlden,Hademstorf",#ERROR!,,,Ahlden
23.02.2025,Bundestagswahl,33585401,6,Hodenhagen Nord/Ost,1,1,891,246,0,1137,731,3,9,722,8,723,332,224,147,138,15,34,12,22,198,197,,67,,5,,1,,2,8,5,,1,10,2,,1,,0,,0,,24,"Ahlden,Hodenhagen Nord/Ost",#ERROR!,,,Ahlden
23.02.2025,Bundestagswahl,33585401,7,Hodenhagen West/Süd,1,1,953,210,0,1163,715,2,9,706,8,707,308,173,168,169,28,49,13,28,166,167,,73,,6,,1,,0,14,6,,2,9,7,,0,,0,,1,,25,"Ahlden,Hodenhagen West/Süd",#ERROR!,,,Ahlden
23.02.2025,Bundestagswahl,33585401,8,Briefwahl SG Ahlden I,1,1,,,,,483,483,3,480,2,481,222,148,149,143,34,52,11,21,47,59,,29,,7,,2,,2,6,6,,0,11,7,,0,,0,,0,,5,"Ahlden,Briefwahl SG Ahlden I",#ERROR!,,,Ahlden
23.02.2025,Bundestagswahl,33585401,9,Briefwahl SG Ahlden II,1,1,,,,,546,546,3,543,1,545,256,165,146,157,29,55,10,8,84,87,,33,,8,,1,,1,12,13,,2,6,1,,0,,0,,0,,14,"Ahlden,Briefwahl SG Ahlden II",#ERROR!,,,Ahlden
23.02.2025,Bundestagswahl,3358501,79,"I - Oerbke, Wense",1,1,196,46,0,242,161,0,4,157,2,159,65,38,30,31,5,10,1,2,53,53,,10,,4,,0,,1,2,2,,0,1,1,,0,,0,,0,,7,"Ostenholz,I - Oerbke, Wense",#ERROR!,,,Ostenholz
23.02.2025,Bundestagswahl,3358501,80,II - Ostenholz,1,1,112,15,0,127,94,0,0,94,0,94,23,19,26,22,1,2,2,4,37,34,,4,,1,,0,,1,4,3,,0,1,0,,0,,1,,0,,3,"Ostenholz,II - Ostenholz",#ERROR!,,,Ostenholz
23.02.2025,Bundestagswahl,3358023,1,Wietzendorf 001,1,1,884,226,0,1110,782,1,6,776,3,779,314,185,223,226,29,52,19,28,163,168,,51,,11,,2,,5,9,8,,0,19,12,,1,,0,,1,,29,"Wietzendorf,Wietzendorf 001",#ERROR!,,,Wietzendorf
23.02.2025,Bundestagswahl,3358023,2,Wietzendorf 002,1,1,853,238,0,1091,730,3,6,724,3,727,289,169,248,262,19,50,19,33,125,141,,31,,8,,0,,2,18,10,,0,6,6,,0,,0,,3,,12,"Wietzendorf,Wietzendorf 002",#ERROR!,,,Wietzendorf
23.02.2025,Bundestagswahl,3358023,3,Wietzendorf 003,1,1,816,236,0,1052,629,0,5,624,2,627,237,131,179,173,20,45,18,33,150,170,,31,,7,,1,,3,13,8,,2,7,6,,0,,0,,1,,16,"Wietzendorf,Wietzendorf 003",#ERROR!,,,Wietzendorf
23.02.2025,Bundestagswahl,3358023,4,Briefwahlbezirk 004 Wietzendorf,1,1,,,,,718,718,5,713,4,714,331,193,212,243,27,64,15,24,91,100,,22,,15,,2,,2,23,13,,0,14,10,,0,,0,,0,,26,"Wietzendorf,Briefwahlbezirk 004 Wietzendorf",#ERROR!,,,Wietzendorf
23.02.2025,Bundestagswahl,3358021,1,Clubheim TC Blau-Weiß e.V.,1,1,1036,253,0,1289,767,3,8,759,7,760,376,224,173,186,27,58,9,18,149,159,,65,,10,,1,,10,12,3,,1,13,5,,0,,0,,0,,20,"Soltau,Clubheim TC Blau-Weiß e.V.",#ERROR!,,,Soltau
23.02.2025,Bundestagswahl,3358021,2,Wilhelm-Busch-Schule I,1,1,1085,302,0,1387,848,8,5,843,4,844,381,228,202,219,43,84,18,24,170,184,,51,,7,,4,,4,16,6,,1,13,6,,0,,0,,0,,26,"Soltau,Wilhelm-Busch-Schule I",#ERROR!,,,Soltau
23.02.2025,Bundestagswahl,3358021,3,Wilhelm-Busch-Schule II,1,1,988,204,0,1192,760,4,13,747,7,753,327,169,154,174,40,60,17,19,182,182,,83,,14,,0,,2,15,4,,0,12,5,,1,,0,,0,,40,"Soltau,Wilhelm-Busch-Schule II",#ERROR!,,,Soltau
23.02.2025,Bundestagswahl,3358021,4,Feuerwehrgerätehaus Woltem,1,1,157,34,0,191,134,0,2,132,2,132,44,20,56,60,8,17,4,9,19,17,,3,,2,,0,,0,1,0,,0,0,1,,0,,0,,0,,3,"Soltau,Feuerwehrgerätehaus Woltem",#ERROR!,,,Soltau
23.02.2025,Bundestagswahl,3358021,5,Römisch-katholische Kirche St. Marien,1,1,625,163,0,788,498,0,7,491,1,497,208,109,116,117,28,54,16,26,100,107,,42,,4,,1,,4,9,0,,0,14,4,,1,,1,,1,,26,"Soltau,Römisch-katholische Kirche St. Marien",#ERROR!,,,Soltau
23.02.2025,Bundestagswahl,3358021,6,Kita Stalmannstraße,1,1,987,421,0,1408,762,2,7,755,9,753,360,204,162,174,35,79,15,22,162,166,,62,,9,,1,,3,14,3,,1,7,6,,0,,0,,3,,20,"Soltau,Kita Stalmannstraße",#ERROR!,,,Soltau
23.02.2025,Bundestagswahl,3358021,7,Feuerwehrgerätehaus Wolterdingen,1,1,1057,223,0,1280,883,8,6,877,6,877,306,156,227,244,41,55,28,37,247,248,,61,,10,,3,,4,15,4,,0,13,9,,2,,0,,1,,43,"Soltau,Feuerwehrgerätehaus Wolterdingen",#ERROR!,,,Soltau
23.02.2025,Bundestagswahl,3358021,8,Aula des Gymnasiums Soltau,1,1,1583,408,0,1991,1099,4,14,1085,14,1085,466,256,256,255,47,108,30,35,251,269,,81,,12,,3,,4,12,3,,4,23,11,,0,,0,,1,,43,"Soltau,Aula des Gymnasiums Soltau",#ERROR!,,,Soltau
23.02.2025,Bundestagswahl,3358021,9,Stiftung Haus Zuflucht,1,1,1369,353,0,1722,1070,0,25,1045,26,1044,501,274,232,278,41,94,19,25,227,224,,72,,13,,2,,8,12,4,,1,13,5,,0,,0,,0,,44,"Soltau,Stiftung Haus Zuflucht",#ERROR!,,,Soltau
23.02.2025,Bundestagswahl,3358021,10,Feuerwehrgerätehaus Dittmern-Deimern,1,1,482,171,0,653,390,1,1,389,5,385,161,89,116,116,16,39,9,20,81,88,,14,,3,,0,,0,2,2,,0,4,3,,0,,0,,2,,9,"Soltau,Feuerwehrgerätehaus Dittmern-Deimern",#ERROR!,,,Soltau
23.02.2025,Bundestagswahl,3358021,11,Feuerwehrgerätehaus Harber,1,1,789,246,0,1035,638,6,6,632,9,629,242,137,168,172,35,59,11,22,155,157,,43,,6,,1,,2,13,4,,1,8,1,,0,,0,,0,,24,"Soltau,Feuerwehrgerätehaus Harber",#ERROR!,,,Soltau
23.02.2025,Bundestagswahl,3358021,12,Hermann-Billung-Schule,1,1,1195,297,0,1492,949,1,13,936,12,937,437,269,185,204,37,57,11,18,231,225,,69,,11,,1,,4,23,13,,1,12,10,,0,,0,,2,,53,"Soltau,Hermann-Billung-Schule",#ERROR!,,,Soltau
23.02.2025,Bundestagswahl,3358021,13,Bauhof,1,1,1049,285,0,1334,699,0,15,684,15,684,274,160,148,156,22,48,17,16,203,215,,43,,6,,1,,6,11,7,,1,9,2,,0,,1,,1,,21,"Soltau,Bauhof",#ERROR!,,,Soltau
23.02.2025,Bundestagswahl,3358021,14,Feuerwehrgerätehaus Hötzingen,1,1,206,29,0,235,110,0,1,109,2,108,40,20,34,28,6,5,3,8,25,32,,8,,1,,0,,1,0,1,,0,1,1,,0,,0,,0,,3,"Soltau,Feuerwehrgerätehaus Hötzingen",#ERROR!,,,Soltau
23.02.2025,Bundestagswahl,3358021,15,Katastrophenschutzzentrum,1,1,635,258,0,893,523,2,4,519,4,519,221,112,151,144,25,57,19,29,88,95,,42,,4,,0,,1,6,5,,0,9,7,,1,,0,,0,,22,"Soltau,Katastrophenschutzzentrum",#ERROR!,,,Soltau
23.02.2025,Bundestagswahl,3358021,16,Briefwahlbezirk 1,1,1,,,,,725,725,2,723,1,724,350,195,202,237,40,79,11,21,96,103,,43,,11,,2,,2,12,1,,0,12,2,,0,,0,,1,,27,"Soltau,Briefwahlbezirk 1",#ERROR!,,,Soltau
23.02.2025,Bundestagswahl,3358021,17,Briefwahlbezirk 2,1,1,,,,,613,613,4,609,5,608,312,173,170,170,23,83,14,22,66,71,,40,,7,,3,,2,13,4,,1,11,7,,0,,0,,4,,21,"Soltau,Briefwahlbezirk 2",#ERROR!,,,Soltau
23.02.2025,Bundestagswahl,3358021,18,Briefwahlbezirk 3,1,1,,,,,585,585,2,583,2,583,276,166,179,184,25,69,13,30,74,78,,20,,5,,1,,3,8,6,,1,8,6,,0,,0,,0,,14,"Soltau,Briefwahlbezirk 3",#ERROR!,,,Soltau
23.02.2025,Bundestagswahl,3358021,19,Briefwahlbezirk 4,1,1,,,,,704,704,10,694,7,697,375,229,180,197,39,88,17,27,66,74,,37,,8,,4,,4,2,1,,0,15,11,,0,,1,,0,,16,"Soltau,Briefwahlbezirk 4",#ERROR!,,,Soltau
23.02.2025,Bundestagswahl,3358021,20,Briefwahlbezirk 5,1,1,,,,,812,812,7,805,4,808,380,210,236,251,44,98,19,24,85,103,,59,,14,,0,,0,16,7,,1,25,16,,1,,0,,1,,23,"Soltau,Briefwahlbezirk 5",#ERROR!,,,Soltau
23.02.2025,Bundestagswahl,3358019,38,"1 - Schneverdingen, GS Hansahlen Raum 11",1,1,914,309,0,1223,754,2,8,746,4,750,327,201,176,174,44,72,17,26,159,159,,57,,15,,1,,3,17,5,,0,6,8,,0,,0,,1,,28,"Schneverdingen,1 - Schneverdingen, GS Hansahlen Raum 11",#ERROR!,,,Schneverdingen
23.02.2025,Bundestagswahl,3358019,39,"2 - Schneverdingen, GS Hansahlen Musikraum",1,1,836,327,0,1163,717,0,13,704,15,702,302,178,174,186,33,60,24,22,159,166,,47,,9,,1,,0,9,4,,1,3,3,,0,,0,,1,,24,"Schneverdingen,2 - Schneverdingen, GS Hansahlen Musikraum",#ERROR!,,,Schneverdingen
23.02.2025,Bundestagswahl,3358019,40,3 - Grundschule Hansahlen - Mensa,1,1,900,388,0,1288,665,7,4,661,3,662,298,183,177,191,26,51,19,30,126,130,,35,,3,,0,,1,7,4,,2,8,4,,0,,0,,0,,28,"Schneverdingen,3 - Grundschule Hansahlen - Mensa",#ERROR!,,,Schneverdingen
23.02.2025,Bundestagswahl,3358019,41,"4 - Schneverdingen, KG Peter und Paul",1,1,1000,312,0,1312,809,0,6,803,5,804,360,208,239,249,32,69,14,30,138,143,,66,,7,,3,,1,12,9,,4,8,1,,0,,0,,0,,14,"Schneverdingen,4 - Schneverdingen, KG Peter und Paul",#ERROR!,,,Schneverdingen
23.02.2025,Bundestagswahl,3358019,42,"5 - Schneverdingen, DRK-Kita",1,1,774,231,0,1005,594,2,9,585,6,588,256,154,130,141,44,62,13,16,123,128,,55,,5,,1,,2,7,1,,1,12,4,,0,,0,,1,,17,"Schneverdingen,5 - Schneverdingen, DRK-Kita",#ERROR!,,,Schneverdingen
23.02.2025,Bundestagswahl,3358019,43,6 - Zahrensen,1,1,250,80,0,330,223,0,1,222,0,223,86,45,82,90,15,21,3,5,30,32,,17,,2,,0,,0,5,0,,0,1,2,,0,,0,,0,,9,"Schneverdingen,6 - Zahrensen",#ERROR!,,,Schneverdingen
23.02.2025,Bundestagswahl,3358019,44,7 - Insel,1,1,466,125,0,591,412,0,2,410,1,411,144,84,130,125,25,39,8,23,89,93,,15,,7,,1,,5,9,6,,0,5,0,,0,,0,,2,,11,"Schneverdingen,7 - Insel",#ERROR!,,,Schneverdingen
23.02.2025,Bundestagswahl,3358019,45,8 - Wesseloh,1,1,354,105,0,459,306,1,3,303,0,306,91,53,139,128,20,32,12,16,35,40,,15,,3,,1,,1,1,1,,0,5,1,,0,,2,,2,,11,"Schneverdingen,8 - Wesseloh",#ERROR!,,,Schneverdingen
23.02.2025,Bundestagswahl,3358019,46,9 - Wintermoor,1,1,296,83,0,379,241,0,1,240,0,241,81,43,65,58,24,35,4,6,57,54,,23,,3,,1,,0,5,2,,0,4,0,,0,,0,,1,,15,"Schneverdingen,9 - Wintermoor",#ERROR!,,,Schneverdingen
23.02.2025,Bundestagswahl,3358019,47,10 - Ehrhorn,1,1,348,126,0,474,279,1,0,279,0,279,94,60,97,89,20,33,7,7,47,56,,11,,1,,0,,0,10,5,,1,4,2,,0,,0,,0,,14,"Schneverdingen,10 - Ehrhorn",#ERROR!,,,Schneverdingen
23.02.2025,Bundestagswahl,3358019,48,"11 - Schneverdingen, KGS Mensa I",1,1,725,288,0,1013,567,3,3,564,3,564,244,146,109,126,32,52,14,21,147,143,,36,,5,,0,,3,15,4,,2,3,3,,0,,0,,0,,23,"Schneverdingen,11 - Schneverdingen, KGS Mensa I",#ERROR!,,,Schneverdingen
23.02.2025,Bundestagswahl,3358019,49,"12 - Schneverdingen, KGS Foyer",1,1,662,242,0,904,512,2,7,505,5,507,192,126,121,129,26,39,8,10,146,140,,29,,10,,3,,1,10,2,,1,2,2,,0,,1,,0,,14,"Schneverdingen,12 - Schneverdingen, KGS Foyer",#ERROR!,,,Schneverdingen
23.02.2025,Bundestagswahl,3358019,50,"13 - Schneverdingen, GS Pietzmoor - Musikraum",1,1,759,187,0,946,563,3,5,558,4,559,232,147,120,120,15,18,24,27,152,152,,50,,4,,1,,2,6,5,,1,9,2,,2,,0,,1,,27,"Schneverdingen,13 - Schneverdingen, GS Pietzmoor - Musikraum",#ERROR!,,,Schneverdingen
23.02.2025,Bundestagswahl,3358019,51,"14 - Schneverdingen, GS Pietzmoor - Foyer",1,1,701,201,0,902,509,1,3,506,3,506,208,134,111,108,20,40,20,17,131,134,,45,,10,,0,,1,11,6,,1,5,1,,0,,0,,0,,9,"Schneverdingen,14 - Schneverdingen, GS Pietzmoor - Foyer",#ERROR!,,,Schneverdingen
23.02.2025,Bundestagswahl,3358019,52,"15 - Schneverdingen, Vereinsheim Stadtfalken",1,1,626,181,0,807,471,6,3,468,1,470,186,111,121,125,36,49,9,11,106,109,,30,,2,,3,,2,6,3,,3,4,3,,1,,1,,0,,17,"Schneverdingen,15 - Schneverdingen, Vereinsheim Stadtfalken",#ERROR!,,,Schneverdingen
23.02.2025,Bundestagswahl,3358019,53,16 - Großenwede,1,1,184,42,0,226,158,1,1,157,0,158,50,32,58,56,14,16,6,7,23,27,,10,,3,,0,,1,1,0,,0,5,3,,0,,0,,0,,3,"Schneverdingen,16 - Großenwede",#ERROR!,,,Schneverdingen
23.02.2025,Bundestagswahl,3358019,54,17 - Lünzen,1,1,452,120,0,572,397,0,0,397,1,396,152,77,131,125,22,42,4,17,74,75,,22,,3,,2,,1,9,8,,0,5,4,,0,,0,,0,,20,"Schneverdingen,17 - Lünzen",#ERROR!,,,Schneverdingen
23.02.2025,Bundestagswahl,3358019,55,18 - Schülern,1,1,294,93,0,387,248,0,1,247,1,247,126,72,64,68,14,36,3,7,31,37,,12,,3,,0,,0,6,2,,0,3,0,,0,,1,,0,,9,"Schneverdingen,18 - Schülern",#ERROR!,,,Schneverdingen
23.02.2025,Bundestagswahl,3358019,56,19 - Langeloh,1,1,398,120,0,518,325,1,2,323,2,323,88,56,129,124,9,23,10,11,78,74,,18,,3,,2,,0,6,2,,1,3,1,,0,,0,,0,,8,"Schneverdingen,19 - Langeloh",#ERROR!,,,Schneverdingen
23.02.2025,Bundestagswahl,3358019,57,20 - Heber,1,1,470,133,0,603,403,0,3,400,3,400,155,72,162,158,16,45,4,9,53,60,,35,,8,,3,,0,7,1,,0,3,2,,0,,0,,0,,7,"Schneverdingen,20 - Heber",#ERROR!,,,Schneverdingen
23.02.2025,Bundestagswahl,3358019,58,Briefwahl Stadt Schneverdingen 1,1,1,,,,,961,961,9,952,4,957,485,312,272,283,53,116,18,34,92,105,,40,,13,,1,,1,17,7,,3,15,9,,1,,0,,0,,32,"Schneverdingen,Briefwahl Stadt Schneverdingen 1",#ERROR!,,,Schneverdingen
23.02.2025,Bundestagswahl,3358019,59,Briefwahl Stadt Schneverdingen 2,1,1,,,,,799,799,9,790,2,797,357,203,233,252,41,82,19,34,97,99,,47,,20,,2,,0,26,8,,2,17,8,,0,,0,,1,,39,"Schneverdingen,Briefwahl Stadt Schneverdingen 2",#ERROR!,,,Schneverdingen
23.02.2025,Bundestagswahl,3358019,60,Briefwahl Stadt Schneverdingen 3,1,1,,,,,873,873,7,866,2,871,428,283,212,211,76,102,15,23,90,96,,70,,15,,2,,7,26,10,,2,19,8,,3,,0,,0,,39,"Schneverdingen,Briefwahl Stadt Schneverdingen 3",#ERROR!,,,Schneverdingen
23.02.2025,Bundestagswahl,3358019,61,Briefwahl Stadt Schneverdingen 4,1,1,,,,,835,835,12,823,2,833,344,222,274,265,65,95,8,18,93,106,,52,,19,,2,,7,23,7,,1,16,9,,0,,0,,3,,27,"Schneverdingen,Briefwahl Stadt Schneverdingen 4",#ERROR!,,,Schneverdingen
23.02.2025,Bundestagswahl,3358017,1,Neuenkirchen I,1,1,796,229,0,1025,642,0,7,635,3,639,264,144,164,165,37,68,14,17,138,144,,41,,5,,0,,1,7,10,,0,11,9,,0,,0,,2,,33,"Neuenkirchen, Kabenstraße 17",#ERROR!,,,Neuenkirchen
23.02.2025,Bundestagswahl,3358017,2,Neuenkirchen II,1,1,879,205,0,1084,713,0,4,709,1,712,296,160,197,207,41,66,20,31,136,147,,58,,8,,1,,5,5,4,,0,14,5,,1,,0,,0,,19,"Neuenkirchen, Kirchstraße 9","53.034773603148004, 9.705142251877826",,,Neuenkirchen
23.02.2025,Bundestagswahl,3358017,3,Brochdorf,1,1,172,35,0,207,154,0,1,153,1,153,59,26,65,72,3,3,9,11,12,14,,13,,2,,0,,2,3,5,,0,2,0,,0,,0,,1,,4,"Neuenkirchen,Brochdorf",#ERROR!,,,Neuenkirchen
23.02.2025,Bundestagswahl,3358017,4,Delmsen,1,1,484,106,0,590,409,0,5,404,5,404,139,80,121,114,16,26,8,19,101,106,,28,,1,,2,,1,15,10,,0,4,4,,0,,0,,0,,13,"Neuenkirchen,Delmsen",#ERROR!,,,Neuenkirchen
23.02.2025,Bundestagswahl,3358017,5,Gilmerdingen,1,1,131,38,0,169,113,0,0,113,0,113,34,20,58,51,8,12,0,4,12,12,,10,,0,,0,,1,1,1,,2,0,0,,0,,0,,0,,0,"Neuenkirchen,Gilmerdingen",#ERROR!,,,Neuenkirchen
23.02.2025,Bundestagswahl,3358017,6,Grauen,1,1,219,58,0,277,194,1,0,194,0,194,78,53,73,75,8,17,1,5,33,37,,4,,0,,0,,0,1,1,,0,0,0,,0,,0,,0,,2,"Neuenkirchen,Grauen",#ERROR!,,,Neuenkirchen
23.02.2025,Bundestagswahl,3358017,7,Ilhorn,1,1,117,21,0,138,98,0,2,96,3,95,39,20,41,42,5,10,4,7,7,8,,3,,2,,0,,0,0,0,,0,0,0,,0,,0,,0,,3,"Neuenkirchen,Ilhorn",#ERROR!,,,Neuenkirchen
23.02.2025,Bundestagswahl,3358017,8,Sprengel,1,1,207,46,0,253,187,2,1,186,1,186,90,67,50,52,12,11,7,8,25,24,,15,,3,,0,,0,2,3,,0,0,2,,0,,0,,0,,1,"Neuenkirchen,Sprengel",#ERROR!,,,Neuenkirchen
23.02.2025,Bundestagswahl,3358017,9,Schwalingen,1,1,236,35,0,271,220,0,0,220,0,220,60,30,98,101,14,18,4,5,39,42,,11,,1,,2,,1,2,4,,1,3,1,,0,,0,,0,,3,"Neuenkirchen,Schwalingen",#ERROR!,,,Neuenkirchen
23.02.2025,Bundestagswahl,3358017,10,Tewel,1,1,319,74,0,393,282,1,1,281,1,281,94,50,127,127,7,23,9,9,35,40,,15,,2,,1,,1,5,6,,0,4,0,,0,,0,,1,,6,"Neuenkirchen,Tewel",#ERROR!,,,Neuenkirchen
23.02.2025,Bundestagswahl,3358017,11,Briefwahl Neuenkirchen I,1,1,,,,,421,421,4,417,3,418,186,109,142,146,22,51,6,14,47,59,,14,,4,,0,,4,8,4,,1,6,2,,0,,0,,0,,10,"Neuenkirchen,Briefwahl Neuenkirchen I",#ERROR!,,,Neuenkirchen
23.02.2025,Bundestagswahl,3358017,12,Briefwahl Neuenkirchen II,1,1,,,,,390,390,3,387,0,390,151,82,148,148,25,39,7,18,44,49,,26,,6,,1,,2,6,8,,2,6,0,,0,,0,,1,,8,"Neuenkirchen,Briefwahl Neuenkirchen II",#ERROR!,,,Neuenkirchen
23.02.2025,Bundestagswahl,3358016,1,Stadtwerke,1,1,985,226,0,1211,783,2,1,782,5,778,305,196,217,234,20,42,23,23,195,195,,34,,11,,2,,3,18,10,,2,4,1,,2,,0,,1,,22,"Munster,Stadtwerke","52.99695869496345, 10.113690678170013",,,Munster
23.02.2025,Bundestagswahl,3358016,2,Gymnasium Munster I,1,1,923,278,0,1201,648,2,10,638,6,642,234,123,152,179,23,28,17,22,187,196,,47,,6,,4,,2,14,5,,0,11,2,,0,,0,,0,,28,"Worthweg 21, Munster",#ERROR!,,,Munster
23.02.2025,Bundestagswahl,3358016,3,Gymnasium Munster II,1,1,940,225,0,1165,648,2,3,645,1,647,215,114,160,164,30,33,14,17,211,213,,61,,11,,1,,1,10,5,,0,5,0,,1,,0,,1,,25,"Worthweg 21, Munster",#ERROR!,,,Munster
23.02.2025,Bundestagswahl,3358016,4,Sporthalle Hindenburg,1,1,849,123,0,972,465,0,7,458,3,462,156,104,80,74,19,10,10,15,172,164,,51,,12,,1,,2,13,4,,1,8,4,,1,,0,,2,,17,"Hindenburgallee 17, Munster",#ERROR!,,,Munster
23.02.2025,Bundestagswahl,3358016,5,Bürgerhaus,1,1,833,196,0,1029,568,0,3,565,2,566,200,118,118,137,19,26,17,22,197,200,,27,,7,,0,,3,8,3,,0,6,2,,1,,0,,0,,20,"Munster,Bürgerhaus",#ERROR!,,,Munster
23.02.2025,Bundestagswahl,3358016,6,Schulzentrum I,1,1,834,199,0,1033,568,1,9,559,5,563,184,97,133,139,13,29,12,10,193,198,,38,,13,,0,,2,13,5,,1,11,5,,0,,0,,3,,23,"Zum Schützenwald 23, Munster",#ERROR!,,,Munster
23.02.2025,Bundestagswahl,3358016,7,Schulzentrum II,1,1,835,269,0,1104,683,0,8,675,6,677,238,130,136,154,25,33,20,19,236,258,,39,,8,,2,,1,12,4,,0,8,3,,0,,0,,1,,25,"Zum Schützenwald 23, Munster",#ERROR!,,,Munster
23.02.2025,Bundestagswahl,3358016,8,Feuerwehrgerätehaus Breloh I,1,1,907,232,0,1139,714,0,0,714,1,713,245,147,213,231,20,38,18,20,188,192,,39,,9,,1,,2,19,7,,2,11,4,,0,,0,,1,,20,"Munster,Feuerwehrgerätehaus Breloh I",#ERROR!,,,Munster
23.02.2025,Bundestagswahl,3358016,9,Feuerwehrgerätehaus Breloh II,1,1,955,239,0,1194,767,0,7,760,9,758,285,168,226,216,22,42,20,26,186,201,,43,,12,,3,,7,18,12,,0,3,2,,0,,0,,1,,25,"Munster,Feuerwehrgerätehaus Breloh II",#ERROR!,,,Munster
23.02.2025,Bundestagswahl,3358016,10,Feuerwehrgerätehaus Ilster/Alvern/Töpingen,1,1,522,119,0,641,452,0,3,449,2,450,164,99,118,113,9,35,8,21,138,143,,17,,4,,2,,1,6,2,,0,6,0,,0,,0,,0,,13,"Munster,Feuerwehrgerätehaus Ilster/Alvern/Töpingen",#ERROR!,,,Munster
23.02.2025,Bundestagswahl,3358016,11,Dorfgemeinschaftshaus Trauen,1,1,343,83,0,426,292,2,4,288,1,291,112,71,89,95,5,11,6,9,64,72,,10,,6,,0,,0,11,4,,0,1,0,,0,,0,,1,,12,"Munster,Dorfgemeinschaftshaus Trauen",#ERROR!,,,Munster
23.02.2025,Bundestagswahl,3358016,12,Dorfgemeinschaftshaus Oerrel,1,1,352,49,0,401,284,0,4,280,3,281,98,61,78,80,8,9,11,13,78,91,,14,,4,,0,,0,6,3,,0,1,2,,1,,0,,0,,3,"Munster,Dorfgemeinschaftshaus Oerrel",#ERROR!,,,Munster
23.02.2025,Bundestagswahl,3358016,13,Briefwahl Stadt Munster I,1,1,,,,,673,673,3,670,0,673,292,183,222,241,19,49,11,28,97,96,,21,,15,,2,,0,18,6,,0,11,5,,1,,0,,1,,25,"Munster,Briefwahl Stadt Munster I",#ERROR!,,,Munster
23.02.2025,Bundestagswahl,3358016,14,Briefwahl Stadt Munster II,1,1,,,,,711,711,6,705,1,710,300,190,202,221,35,51,15,22,126,131,,30,,12,,0,,6,17,8,,2,10,6,,2,,0,,2,,27,"Munster,Briefwahl Stadt Munster II",#ERROR!,,,Munster
23.02.2025,Bundestagswahl,3358016,15,Briefwahl Stadt Munster III,1,1,,,,,676,676,3,673,2,674,290,176,213,249,18,43,16,13,115,116,,25,,11,,2,,1,12,9,,2,9,7,,0,,0,,0,,20,"Munster,Briefwahl Stadt Munster III",#ERROR!,,,Munster
23.02.2025,Bundestagswahl,3358002,101,Behringen-Haverbeck,1,1,649,179,0,828,558,0,5,553,3,555,205,114,212,213,17,38,13,17,83,95,,33,,5,,0,,3,13,11,,0,10,12,,0,,0,,1,,13,"Bispingen,Behringen-Haverbeck",#ERROR!,,,Bispingen
23.02.2025,Bundestagswahl,3358002,102,Bispingen I,1,1,791,206,0,997,652,0,4,648,6,646,259,150,207,199,36,44,19,35,111,120,,48,,6,,0,,4,7,7,,5,9,6,,0,,0,,2,,20,"Bispingen,Bispingen I",#ERROR!,,,Bispingen
23.02.2025,Bundestagswahl,3358002,103,Borstel,1,1,205,74,0,279,185,0,0,185,0,185,74,47,70,60,6,22,7,8,21,27,,7,,2,,1,,2,4,1,,1,3,3,,0,,0,,0,,4,"Bispingen,Borstel",#ERROR!,,,Bispingen
23.02.2025,Bundestagswahl,3358002,104,Hörpel,1,1,281,50,0,331,246,1,1,245,0,246,106,62,76,78,19,25,2,6,38,35,,14,,7,,1,,2,4,6,,1,0,2,,0,,1,,0,,6,"Bispingen,Hörpel",#ERROR!,,,Bispingen
23.02.2025,Bundestagswahl,3358002,105,Hützel,1,1,606,155,0,761,514,0,4,510,6,508,219,127,158,165,24,39,10,12,86,91,,43,,5,,2,,1,11,6,,0,2,7,,0,,0,,0,,10,"Bispingen,Hützel",#ERROR!,,,Bispingen
23.02.2025,Bundestagswahl,3358002,106,Steinbeck (Luhe),1,1,456,121,0,577,383,0,6,377,2,381,166,108,107,103,26,42,15,16,47,58,,27,,3,,2,,1,11,9,,0,5,2,,0,,0,,0,,10,"Bispingen,Steinbeck (Luhe)",#ERROR!,,,Bispingen
23.02.2025,Bundestagswahl,3358002,107,Volkwardingen-Wilsede,1,1,129,27,0,156,112,0,1,111,1,111,37,23,50,49,3,9,2,3,17,18,,3,,1,,0,,0,0,1,,0,2,1,,0,,0,,0,,3,"Bispingen,Volkwardingen-Wilsede",#ERROR!,,,Bispingen
23.02.2025,Bundestagswahl,3358002,108,Bispingen II,1,1,886,240,0,1126,748,0,5,743,3,745,312,201,236,231,32,49,16,29,125,134,,43,,12,,1,,4,14,10,,0,8,2,,1,,0,,0,,28,"Bispingen,Bispingen II",#ERROR!,,,Bispingen
23.02.2025,Bundestagswahl,3358002,109,Briefwahl Bispingen I,1,1,,,,,492,492,3,489,1,491,188,137,190,187,25,36,8,15,54,54,,24,,6,,0,,2,17,6,,0,7,5,,0,,1,,0,,18,"Bispingen,Briefwahl Bispingen I",#ERROR!,,,Bispingen
23.02.2025,Bundestagswahl,3358002,110,Briefwahl Bispingen II,1,1,,,,,520,520,4,516,4,516,199,123,203,186,34,64,9,15,51,65,,28,,10,,2,,1,11,5,,2,9,3,,0,,0,,1,,11,"Bispingen,Briefwahl Bispingen II",#ERROR!,,,Bispingen
